{
  "id": 19,
  "parentId": 16,
  "settings": {
    "name": "Box 6"
  },
  "order": 6,
  "components": [
    {
      "data": {
        "type": "de.fabmax.kool.editor.data.MeshComponentData",
        "shapes": [
          {
            "type": "de.fabmax.kool.editor.data.ShapeData.Box"
          }
        ]
      }
    },
    {
      "data": {
        "type": "de.fabmax.kool.editor.data.MaterialReferenceComponentData",
        "materialId": 20
      }
    },
    {
      "data": {
        "type": "de.fabmax.kool.editor.data.TransformComponentData",
        "transform": {
          "position": {
            "x": 0.6423254013061523,
            "y": 1.5,
            "z": -0.0010814666748046875
          },
          "rotation": {
            "x": 7.395569296673712E-32,
            "y": 1.4791136242358512E-31,
            "z": 6.352748240367159E-22,
            "w": 1.0
          },
          "scale": {
            "x": 0.9999998211860657,
            "y": 0.9999998211860657,
            "z": 1.0
          }
        }
      }
    },
    {
      "data": {
        "type": "de.fabmax.kool.editor.data.RigidActorComponentData",
        "actorType": "DYNAMIC"
      }
    }
  ]
}