{
  "id": 53,
  "parentId": 40,
  "settings": {
    "name": "Box 18"
  },
  "order": 6,
  "components": [
    {
      "data": {
        "type": "de.fabmax.kool.editor.data.MeshComponentData",
        "shapes": [
          {
            "type": "de.fabmax.kool.editor.data.ShapeData.Box"
          }
        ]
      }
    },
    {
      "data": {
        "type": "de.fabmax.kool.editor.data.MaterialReferenceComponentData",
        "materialId": 20
      }
    },
    {
      "data": {
        "type": "de.fabmax.kool.editor.data.TransformComponentData",
        "transform": {
          "position": {
            "x": 0.0,
            "y": 8.626924514770508,
            "z": 0.0
          },
          "rotation": {
            "x": 0.0,
            "y": 0.0,
            "z": 0.0,
            "w": 1.0
          },
          "scale": {
            "x": 1.0,
            "y": 1.0,
            "z": 1.0
          }
        }
      }
    },
    {
      "data": {
        "type": "de.fabmax.kool.editor.data.RigidActorComponentData",
        "actorType": "DYNAMIC"
      }
    }
  ]
}