{
  "id": 41,
  "parentId": 40,
  "settings": {
    "name": "Green start"
  },
  "order": 1,
  "components": [
    {
      "data": {
        "type": "de.fabmax.kool.editor.data.TransformComponentData",
        "transform": {
          "position": {
            "x": 0.0026602745056152344,
            "y": 3.5,
            "z": 1.7848949432373047
          },
          "rotation": {
            "x": 0.0,
            "y": 0.0,
            "z": 0.0,
            "w": 1.0
          },
          "scale": {
            "x": 1.0,
            "y": 1.0,
            "z": 1.0
          }
        }
      },
      "displayOrder": 0
    }
  ]
}