{
  "id": 37,
  "parentId": 35,
  "settings": {
    "name": "Cylinder"
  },
  "order": 3,
  "components": [
    {
      "data": {
        "type": "de.fabmax.kool.editor.data.MeshComponentData",
        "shapes": [
          {
            "type": "de.fabmax.kool.editor.data.ShapeData.Cylinder",
            "topRadius": 0.3,
            "bottomRadius": 0.3,
            "length": 3.4959999752044677
          }
        ]
      },
      "displayOrder": 1
    },
    {
      "data": {
        "type": "de.fabmax.kool.editor.data.MaterialReferenceComponentData",
        "materialId": 51
      },
      "displayOrder": 2
    },
    {
      "data": {
        "type": "de.fabmax.kool.editor.data.TransformComponentData",
        "transform": {
          "position": {
            "x": 3.552713678800501E-15,
            "y": 1.7159732580184939,
            "z": -8.25
          },
          "rotation": {
            "x": -7.930464195504942E-18,
            "y": 2.632884525747983E-18,
            "z": 0.7071068233333974,
            "w": 0.7071067390396952
          },
          "scale": {
            "x": 0.9999996423721385,
            "y": 0.9999996423721383,
            "z": 0.9999999999999998
          }
        }
      },
      "displayOrder": 0
    },
    {
      "data": {
        "type": "de.fabmax.kool.editor.data.RigidActorComponentData"
      },
      "displayOrder": 3
    }
  ]
}