{
  "id": 10,
  "parentId": 1,
  "settings": {
    "name": "Cam rig"
  },
  "components": [
    {
      "data": {
        "type": "de.fabmax.kool.editor.data.TransformComponentData",
        "transform": {
          "position": {
            "x": 1.6093250110316148E-7,
            "y": -5.364415756048402E-8,
            "z": 6.460483551025391
          },
          "rotation": {
            "x": 0.0,
            "y": 0.0,
            "z": 8.940696716308594E-8,
            "w": 1.0
          },
          "scale": {
            "x": 1.0000001192092896,
            "y": 1.0000001192092896,
            "z": 1.0
          }
        }
      }
    },
    {
      "data": {
        "type": "de.fabmax.kool.editor.data.BehaviorComponentData",
        "behaviorClassName": "de.fabmax.kool.app.CharacterCameraRig",
        "propertyValues": {
          "trackedCharacter": {
            "componentRef": {
              "entityId": 9,
              "componentClassName": "CharacterControllerComponent"
            }
          },
          "pivotPoint": {
            "f3": {
              "x": 0.0,
              "y": 0.75,
              "z": 0.0
            }
          },
          "camera": {
            "componentRef": {
              "entityId": 2,
              "componentClassName": "CameraComponent"
            }
          }
        }
      }
    }
  ]
}