{
  "id": 40,
  "parentId": 1,
  "settings": {
    "name": "Platform 2"
  },
  "order": 8,
  "components": [
    {
      "data": {
        "type": "de.fabmax.kool.editor.data.TransformComponentData",
        "transform": {
          "position": {
            "x": 4.0,
            "y": 0.0,
            "z": -11.0
          },
          "rotation": {
            "x": 0.0,
            "y": 0.0,
            "z": 0.0,
            "w": 1.0
          },
          "scale": {
            "x": 1.0,
            "y": 1.0,
            "z": 1.0
          }
        }
      },
      "displayOrder": 0
    }
  ]
}