{
  "id": 50,
  "parentId": 5,
  "settings": {
    "name": "Blue lift"
  },
  "order": 9,
  "components": [
    {
      "data": {
        "type": "de.fabmax.kool.editor.data.MaterialComponentData",
        "name": "Blue lift",
        "shaderData": {
          "type": "de.fabmax.kool.editor.data.PbrShaderData",
          "baseColor": {
            "type": "de.fabmax.kool.editor.data.ConstColorAttribute",
            "color": {
              "r": 0.20874742,
              "g": 0.42032206,
              "b": 0.6356857,
              "a": 1.0
            }
          }
        }
      }
    },
    {
      "data": {
        "type": "de.fabmax.kool.editor.data.TransformComponentData"
      },
      "displayOrder": 0
    }
  ]
}