{
  "id": 49,
  "parentId": 5,
  "settings": {
    "name": "Green lift"
  },
  "order": 8,
  "components": [
    {
      "data": {
        "type": "de.fabmax.kool.editor.data.MaterialComponentData",
        "name": "Green lift",
        "shaderData": {
          "type": "de.fabmax.kool.editor.data.PbrShaderData",
          "baseColor": {
            "type": "de.fabmax.kool.editor.data.ConstColorAttribute",
            "color": {
              "r": 0.5386688,
              "g": 0.7145252,
              "b": 0.2589523,
              "a": 1.0
            }
          }
        }
      }
    },
    {
      "data": {
        "type": "de.fabmax.kool.editor.data.TransformComponentData"
      },
      "displayOrder": 0
    }
  ]
}