{
  "id": 52,
  "parentId": 5,
  "settings": {
    "name": "Platform"
  },
  "order": 11,
  "components": [
    {
      "data": {
        "type": "de.fabmax.kool.editor.data.MaterialComponentData",
        "name": "Platform",
        "shaderData": {
          "type": "de.fabmax.kool.editor.data.PbrShaderData",
          "baseColor": {
            "type": "de.fabmax.kool.editor.data.ConstColorAttribute",
            "color": {
              "r": 0.8051293,
              "g": 0.52555996,
              "b": 0.32656938,
              "a": 1.0
            }
          },
          "roughness": {
            "type": "de.fabmax.kool.editor.data.ConstValueAttribute",
            "value": 0.5
          },
          "metallic": {
            "type": "de.fabmax.kool.editor.data.ConstValueAttribute",
            "value": 0.0
          },
          "emission": {
            "type": "de.fabmax.kool.editor.data.ConstColorAttribute",
            "color": {
              "r": 0.0,
              "g": 0.0,
              "b": 0.0,
              "a": 1.0
            }
          }
        }
      }
    },
    {
      "data": {
        "type": "de.fabmax.kool.editor.data.TransformComponentData"
      },
      "displayOrder": 0
    }
  ]
}